{"cameraMode":{"drawMode":0,"name":"Shaded","section":"Shading Mode"},"sceneLighting":true,"audioPlay":false,"sceneViewState":{"m_AlwaysRefresh":true,"showFog":true,"showSkybox":true,"showFlares":true,"showImageEffects":true,"showParticleSystems":true,"showVisualEffectGraphs":true,"m_FxEnabled":true},"in2DMode":false,"pivot":{"x":2.0900001525878908,"y":0.6700000762939453,"z":-5.100000381469727},"rotation":{"x":0.24954533576965333,"y":-0.2010592520236969,"z":0.05310206115245819,"w":0.9457176327705383},"size":12.12435531616211,"orthographic":true}