{"cameraMode":{"drawMode":0,"name":"Shaded","section":"Shading Mode"},"sceneLighting":true,"audioPlay":false,"sceneViewState":{"m_AlwaysRefresh":true,"showFog":true,"showSkybox":true,"showFlares":true,"showImageEffects":true,"showParticleSystems":true,"showVisualEffectGraphs":true,"m_FxEnabled":true},"in2DMode":false,"pivot":{"x":0.14113520085811616,"y":0.7628288269042969,"z":-0.5377185940742493},"rotation":{"x":0.5394947528839111,"y":-0.16006934642791749,"z":0.10532999038696289,"w":0.8198601603507996},"size":1.570033073425293,"orthographic":true}